Organisation,Acronym,Groups,Country,Website,Email,Phone,Phone2,Comments
Savrodaya EOC,,Savrodaya,LK,,,,,
Colombo District Office,,Savrodaya,LK,,,,,
Gampaha District Office,,Savrodaya,LK,,,,,
Kalutara District Office,,Savrodaya,LK,,,,,
Kandy District Office,,Savrodaya,LK,,,,,
Matale District Office,,Savrodaya,LK,,,,,
Nuwara Eliya District Office,,Savrodaya,LK,,,,,
Galle District Office,,Savrodaya,LK,,,,,
Hambantota District Office,,Savrodaya,LK,,,,,
Matara District Office,,Savrodaya,LK,,,,,
Ampara District Office,,Savrodaya,LK,,,,,
Batticaloa District Office,,Savrodaya,LK,,,,,
Trincomalee District Office,,Savrodaya,LK,,,,,
Jaffna District Office,,Savrodaya,LK,,,,,
Kilinochchi District Office,,Savrodaya,LK,,,,,
Mannar District Office,,Savrodaya,LK,,,,,
Mullaitivu District Office,,Savrodaya,LK,,,,,
VavuniyaÂ  District Office,,Savrodaya,LK,,,,,
Kurunegala District Office,,Savrodaya,LK,,,,,
Puttalam District Office,,Savrodaya,LK,,,,,
Anuradhapura District Office,,Savrodaya,LK,,,,,
Polonnaruwa District Office,,Savrodaya,LK,,,,,
Kegalle District Office,,Savrodaya,LK,,,,,
Ratnapura District Office,,Savrodaya,LK,,,,,
Badulla District Office,,Savrodaya,LK,,,,,
Monaragala District Office,,Savrodaya,LK,,,,,
